Customer_ID,Recency,Frequency,Monetary,R_Score,F_Score,M_Score,RFM_Total,Customer_Segment
CUST001,39,1,150,5,1,3,9,Potential Customers
CUST002,309,1,1000,1,1,4,6,Churn Risk Customers
CUST003,354,1,30,1,1,1,3,Churn Risk Customers
CUST004,226,1,500,2,1,4,7,Churn Risk Customers
CUST005,241,1,100,2,1,2,5,Churn Risk Customers
CUST006,252,1,30,2,1,1,4,Churn Risk Customers
CUST007,295,1,50,1,1,1,3,Churn Risk Customers
CUST008,314,1,100,1,1,2,4,Churn Risk Customers
CUST009,20,1,600,5,1,4,10,Potential Customers
CUST010,87,1,200,4,1,3,8,Potential Customers
CUST011,322,1,100,1,1,2,4,Churn Risk Customers
CUST012,64,1,75,5,1,2,8,Potential Customers
CUST013,150,1,1500,3,1,5,9,Potential Customers
CUST014,350,1,120,1,1,3,5,Churn Risk Customers
CUST015,351,1,2000,1,1,5,7,Churn Risk Customers
CUST016,319,1,1500,1,1,5,7,Churn Risk Customers
CUST017,255,1,100,2,1,2,5,Churn Risk Customers
CUST018,247,1,50,2,1,1,4,Churn Risk Customers
CUST019,108,1,50,4,1,1,6,Churn Risk Customers
CUST020,58,1,900,5,1,4,10,Potential Customers
CUST021,353,1,500,1,1,4,6,Churn Risk Customers
CUST022,79,1,100,4,1,2,7,Churn Risk Customers
CUST023,265,1,120,2,1,3,6,Churn Risk Customers
CUST024,34,1,300,5,1,4,10,Potential Customers
CUST025,7,1,50,5,1,1,7,Churn Risk Customers
CUST026,87,1,1000,4,1,4,9,Potential Customers
CUST027,152,1,50,3,1,1,5,Churn Risk Customers
CUST028,254,1,500,2,1,4,7,Churn Risk Customers
CUST029,137,1,30,4,1,1,6,Churn Risk Customers
CUST030,65,1,900,5,1,4,10,Potential Customers
CUST031,224,1,1200,3,1,5,9,Potential Customers
CUST032,363,1,90,1,1,2,4,Churn Risk Customers
CUST033,285,1,100,2,1,2,5,Churn Risk Customers
CUST034,9,1,150,5,1,3,9,Potential Customers
CUST035,150,1,900,3,1,4,8,Potential Customers
CUST036,192,1,900,3,1,4,8,Potential Customers
CUST037,224,1,75,3,1,2,6,Churn Risk Customers
CUST038,287,1,200,2,1,3,6,Churn Risk Customers
CUST039,256,1,120,2,1,3,6,Churn Risk Customers
CUST040,194,1,50,3,1,1,5,Churn Risk Customers
CUST041,314,1,50,1,1,1,3,Churn Risk Customers
CUST042,319,1,900,1,1,4,6,Churn Risk Customers
CUST043,172,1,300,3,1,4,8,Potential Customers
CUST044,317,1,25,1,1,1,3,Churn Risk Customers
CUST045,183,1,30,3,1,1,5,Churn Risk Customers
CUST046,190,1,1200,3,1,5,9,Potential Customers
CUST047,57,1,1500,5,1,5,11,Potential Customers
CUST048,231,1,900,2,1,4,7,Churn Risk Customers
CUST049,344,1,1000,1,1,4,6,Churn Risk Customers
CUST050,131,1,75,4,1,2,7,Churn Risk Customers
CUST051,92,1,75,4,1,2,7,Churn Risk Customers
CUST052,303,1,300,1,1,4,6,Churn Risk Customers
CUST053,173,1,100,3,1,2,6,Churn Risk Customers
CUST054,326,1,1500,1,1,5,7,Churn Risk Customers
CUST055,84,1,120,4,1,3,8,Potential Customers
CUST056,216,1,900,3,1,4,8,Potential Customers
CUST057,45,1,30,5,1,1,7,Churn Risk Customers
CUST058,50,1,1200,5,1,5,11,Potential Customers
CUST059,181,1,50,3,1,1,5,Churn Risk Customers
CUST060,71,1,150,5,1,3,9,Potential Customers
CUST061,268,1,200,2,1,3,6,Churn Risk Customers
CUST062,6,1,100,5,1,2,8,Potential Customers
CUST063,331,1,50,1,1,1,3,Churn Risk Customers
CUST064,343,1,100,1,1,2,4,Churn Risk Customers
CUST065,28,1,2000,5,1,5,11,Potential Customers
CUST066,250,1,30,2,1,1,4,Churn Risk Customers
CUST067,218,1,1200,3,1,5,9,Potential Customers
CUST068,326,1,300,1,1,4,6,Churn Risk Customers
CUST069,247,1,75,2,1,2,5,Churn Risk Customers
CUST070,315,1,300,1,1,4,6,Churn Risk Customers
CUST071,172,1,100,3,1,2,6,Churn Risk Customers
CUST072,224,1,2000,3,1,5,9,Potential Customers
CUST073,134,1,90,4,1,2,7,Churn Risk Customers
CUST074,41,1,2000,5,1,5,11,Potential Customers
CUST075,180,1,200,3,1,3,7,Churn Risk Customers
CUST076,283,1,100,2,1,2,5,Churn Risk Customers
CUST077,177,1,100,3,1,2,6,Churn Risk Customers
CUST078,185,1,1500,3,1,5,9,Potential Customers
CUST079,259,1,300,2,1,4,7,Churn Risk Customers
CUST080,23,1,60,5,1,2,8,Potential Customers
CUST081,230,1,50,2,1,1,4,Churn Risk Customers
CUST082,7,1,200,5,1,3,9,Potential Customers
CUST083,17,1,100,5,1,2,8,Potential Customers
CUST084,35,1,90,5,1,2,8,Potential Customers
CUST085,330,1,150,1,1,3,5,Churn Risk Customers
CUST086,55,1,90,5,1,2,8,Potential Customers
CUST087,41,1,100,5,1,2,8,Potential Customers
CUST088,279,1,500,2,1,4,7,Churn Risk Customers
CUST089,93,1,2000,4,1,5,10,Potential Customers
CUST090,241,1,30,2,1,1,4,Churn Risk Customers
CUST091,283,1,500,2,1,4,7,Churn Risk Customers
CUST092,130,1,120,4,1,3,8,Potential Customers
CUST093,172,1,2000,3,1,5,9,Potential Customers
CUST094,228,1,1000,2,1,4,7,Churn Risk Customers
CUST095,39,1,60,5,1,2,8,Potential Customers
CUST096,14,1,600,5,1,4,10,Potential Customers
CUST097,81,1,1000,4,1,4,9,Potential Customers
CUST098,254,1,100,2,1,2,5,Churn Risk Customers
CUST099,16,1,1200,5,1,5,11,Potential Customers
CUST100,200,1,30,3,1,1,5,Churn Risk Customers
CUST1000,265,1,120,2,1,3,6,Churn Risk Customers
CUST101,338,1,600,1,1,4,6,Churn Risk Customers
CUST102,249,1,50,2,1,1,4,Churn Risk Customers
CUST103,350,1,25,1,1,1,3,Churn Risk Customers
CUST104,205,1,1000,3,1,4,8,Potential Customers
CUST105,161,1,500,3,1,4,8,Potential Customers
CUST106,229,1,50,2,1,1,4,Churn Risk Customers
CUST107,333,1,1200,1,1,5,7,Churn Risk Customers
CUST108,258,1,75,2,1,2,5,Churn Risk Customers
CUST109,76,1,2000,4,1,5,10,Potential Customers
CUST110,205,1,900,3,1,4,8,Potential Customers
CUST111,258,1,1500,2,1,5,8,Potential Customers
CUST112,31,1,1500,5,1,5,11,Potential Customers
CUST113,111,1,50,4,1,1,6,Churn Risk Customers
CUST114,164,1,100,3,1,2,6,Churn Risk Customers
CUST115,37,1,1500,5,1,5,11,Potential Customers
CUST116,132,1,30,4,1,1,6,Churn Risk Customers
CUST117,293,1,1000,1,1,4,6,Churn Risk Customers
CUST118,231,1,2000,2,1,5,8,Potential Customers
CUST119,295,1,150,1,1,3,5,Churn Risk Customers
CUST120,240,1,50,2,1,1,4,Churn Risk Customers
CUST121,79,1,200,4,1,3,8,Potential Customers
CUST122,91,1,120,4,1,3,8,Potential Customers
CUST123,232,1,60,2,1,2,5,Churn Risk Customers
CUST124,67,1,2000,5,1,5,11,Potential Customers
CUST125,147,1,100,4,1,2,7,Churn Risk Customers
CUST126,68,1,90,5,1,2,8,Potential Customers
CUST127,162,1,50,3,1,1,5,Churn Risk Customers
CUST128,181,1,500,3,1,4,8,Potential Customers
CUST129,254,1,600,2,1,4,7,Churn Risk Customers
CUST130,296,1,500,1,1,4,6,Churn Risk Customers
CUST131,106,1,600,4,1,4,9,Potential Customers
CUST132,114,1,200,4,1,3,8,Potential Customers
CUST133,320,1,900,1,1,4,6,Churn Risk Customers
CUST134,342,1,50,1,1,1,3,Churn Risk Customers
CUST135,310,1,50,1,1,1,3,Churn Risk Customers
CUST136,288,1,600,2,1,4,7,Churn Risk Customers
CUST137,45,1,1000,5,1,4,10,Potential Customers
CUST138,285,1,200,2,1,3,6,Churn Risk Customers
CUST139,18,1,2000,5,1,5,11,Potential Customers
CUST140,150,1,30,3,1,1,5,Churn Risk Customers
CUST141,61,1,50,5,1,1,7,Churn Risk Customers
CUST142,334,1,1200,1,1,5,7,Churn Risk Customers
CUST143,169,1,50,3,1,1,5,Churn Risk Customers
CUST144,171,1,1500,3,1,5,9,Potential Customers
CUST145,61,1,75,5,1,2,8,Potential Customers
CUST146,127,1,200,4,1,3,8,Potential Customers
CUST147,96,1,300,4,1,4,9,Potential Customers
CUST148,238,1,60,2,1,2,5,Churn Risk Customers
CUST149,83,1,75,4,1,2,7,Churn Risk Customers
CUST150,361,1,120,1,1,3,5,Churn Risk Customers
CUST151,18,1,50,5,1,1,7,Churn Risk Customers
CUST152,308,1,2000,1,1,5,7,Churn Risk Customers
CUST153,17,1,1000,5,1,4,10,Potential Customers
CUST154,92,1,900,4,1,4,9,Potential Customers
CUST155,230,1,2000,2,1,5,8,Potential Customers
CUST156,38,1,100,5,1,2,8,Potential Customers
CUST157,192,1,2000,3,1,5,9,Potential Customers
CUST158,309,1,600,1,1,4,6,Churn Risk Customers
CUST159,216,1,200,3,1,3,7,Churn Risk Customers
CUST160,144,1,100,4,1,2,7,Churn Risk Customers
CUST161,286,1,1000,2,1,4,7,Churn Risk Customers
CUST162,134,1,60,4,1,2,7,Churn Risk Customers
CUST163,365,1,150,1,1,3,5,Churn Risk Customers
CUST164,232,1,1500,2,1,5,8,Potential Customers
CUST165,110,1,1200,4,1,5,10,Potential Customers
CUST166,275,1,2000,2,1,5,8,Potential Customers
CUST167,107,1,150,4,1,3,8,Potential Customers
CUST168,312,1,300,1,1,4,6,Churn Risk Customers
CUST169,46,1,1500,5,1,5,11,Potential Customers
CUST170,214,1,50,3,1,1,5,Churn Risk Customers
CUST171,39,1,900,5,1,4,10,Potential Customers
CUST172,107,1,50,4,1,1,6,Churn Risk Customers
CUST173,55,1,120,5,1,3,9,Potential Customers
CUST174,265,1,300,2,1,4,7,Churn Risk Customers
CUST175,288,1,100,2,1,2,5,Churn Risk Customers
CUST176,175,1,100,3,1,2,6,Churn Risk Customers
CUST177,284,1,100,2,1,2,5,Churn Risk Customers
CUST178,90,1,60,4,1,2,7,Churn Risk Customers
CUST179,95,1,300,4,1,4,9,Potential Customers
CUST180,366,1,900,1,1,4,6,Churn Risk Customers
CUST181,60,1,1200,5,1,5,11,Potential Customers
CUST182,201,1,120,3,1,3,7,Churn Risk Customers
CUST183,116,1,900,4,1,4,9,Potential Customers
CUST184,357,1,200,1,1,3,5,Churn Risk Customers
CUST185,309,1,25,1,1,1,3,Churn Risk Customers
CUST186,181,1,200,3,1,3,7,Churn Risk Customers
CUST187,209,1,100,3,1,2,6,Churn Risk Customers
CUST188,244,1,75,2,1,2,5,Churn Risk Customers
CUST189,337,1,50,1,1,1,3,Churn Risk Customers
CUST190,243,1,90,2,1,2,5,Churn Risk Customers
CUST191,76,1,25,4,1,1,6,Churn Risk Customers
CUST192,326,1,100,1,1,2,4,Churn Risk Customers
CUST193,323,1,1500,1,1,5,7,Churn Risk Customers
CUST194,118,1,200,4,1,3,8,Potential Customers
CUST195,331,1,30,1,1,1,3,Churn Risk Customers
CUST196,94,1,900,4,1,4,9,Potential Customers
CUST197,302,1,200,1,1,3,5,Churn Risk Customers
CUST198,301,1,900,1,1,4,6,Churn Risk Customers
CUST199,29,1,1500,5,1,5,11,Potential Customers
CUST200,123,1,150,4,2,3,9,Potential Customers
CUST201,85,1,25,4,2,1,7,Churn Risk Customers
CUST202,282,1,1200,2,2,5,9,Potential Customers
CUST203,231,1,1000,2,2,4,8,Potential Customers
CUST204,96,1,25,4,2,1,7,Churn Risk Customers
CUST205,56,1,25,5,2,1,8,Potential Customers
CUST206,150,1,25,3,2,1,6,Churn Risk Customers
CUST207,258,1,50,2,2,1,5,Churn Risk Customers
CUST208,90,1,200,4,2,3,9,Potential Customers
CUST209,13,1,200,5,2,3,10,Potential Customers
CUST210,264,1,200,2,2,3,7,Churn Risk Customers
CUST211,1,1,1500,5,2,5,12,Core Customers
CUST212,207,1,1500,3,2,5,10,Potential Customers
CUST213,162,1,1500,3,2,5,10,Potential Customers
CUST214,23,1,60,5,2,2,9,Potential Customers
CUST215,34,1,1500,5,2,5,12,Core Customers
CUST216,175,1,100,3,2,2,7,Churn Risk Customers
CUST217,142,1,200,4,2,3,9,Potential Customers
CUST218,102,1,90,4,2,2,8,Potential Customers
CUST219,135,1,90,4,2,2,8,Potential Customers
CUST220,305,1,500,1,2,4,7,Churn Risk Customers
CUST221,240,1,600,2,2,4,8,Potential Customers
CUST222,251,1,120,2,2,3,7,Churn Risk Customers
CUST223,334,1,25,1,2,1,4,Churn Risk Customers
CUST224,193,1,50,3,2,1,6,Churn Risk Customers
CUST225,356,1,100,1,2,2,5,Churn Risk Customers
CUST226,65,1,50,5,2,1,8,Potential Customers
CUST227,83,1,100,4,2,2,8,Potential Customers
CUST228,249,1,60,2,2,2,6,Churn Risk Customers
CUST229,65,1,90,5,2,2,9,Potential Customers
CUST230,254,1,25,2,2,1,5,Churn Risk Customers
CUST231,363,1,150,1,2,3,6,Churn Risk Customers
CUST232,330,1,25,1,2,1,4,Churn Risk Customers
CUST233,4,1,600,5,2,4,11,Potential Customers
CUST234,43,1,50,5,2,1,8,Potential Customers
CUST235,336,1,1000,1,2,4,7,Churn Risk Customers
CUST236,249,1,25,2,2,1,5,Churn Risk Customers
CUST237,332,1,1000,1,2,4,7,Churn Risk Customers
CUST238,350,1,500,1,2,4,7,Churn Risk Customers
CUST239,197,1,1500,3,2,5,10,Potential Customers
CUST240,330,1,300,1,2,4,7,Churn Risk Customers
CUST241,103,1,75,4,2,2,8,Potential Customers
CUST242,245,1,25,2,2,1,5,Churn Risk Customers
CUST243,224,1,900,3,2,4,9,Potential Customers
CUST244,24,1,100,5,2,2,9,Potential Customers
CUST245,118,1,90,4,2,2,8,Potential Customers
CUST246,257,1,50,2,2,1,5,Churn Risk Customers
CUST247,90,1,60,4,2,2,8,Potential Customers
CUST248,299,1,900,1,2,4,7,Churn Risk Customers
CUST249,74,1,50,4,2,1,7,Churn Risk Customers
CUST250,71,1,50,5,2,1,8,Potential Customers
CUST251,124,1,200,4,2,3,9,Potential Customers
CUST252,242,1,300,2,2,4,8,Potential Customers
CUST253,124,1,2000,4,2,5,11,Potential Customers
CUST254,158,1,500,3,2,4,9,Potential Customers
CUST255,269,1,30,2,2,1,5,Churn Risk Customers
CUST256,318,1,1000,1,2,4,7,Churn Risk Customers
CUST257,317,1,2000,1,2,5,8,Potential Customers
CUST258,29,1,50,5,2,1,8,Potential Customers
CUST259,146,1,200,4,2,3,9,Potential Customers
CUST260,185,1,60,3,2,2,7,Churn Risk Customers
CUST261,150,1,50,3,2,1,6,Churn Risk Customers
CUST262,156,1,120,3,2,3,8,Potential Customers
CUST263,127,1,60,4,2,2,8,Potential Customers
CUST264,339,1,900,1,2,4,7,Churn Risk Customers
CUST265,22,1,900,5,2,4,11,Potential Customers
CUST266,32,1,60,5,2,2,9,Potential Customers
CUST267,36,1,90,5,2,2,9,Potential Customers
CUST268,316,1,30,1,2,1,4,Churn Risk Customers
CUST269,335,1,2000,1,2,5,8,Potential Customers
CUST270,160,1,300,3,2,4,9,Potential Customers
CUST271,193,1,120,3,2,3,8,Potential Customers
CUST272,311,1,100,1,2,2,5,Churn Risk Customers
CUST273,239,1,50,2,2,1,5,Churn Risk Customers
CUST274,268,1,1000,2,2,4,8,Potential Customers
CUST275,269,1,1000,2,2,4,8,Potential Customers
CUST276,92,1,100,4,2,2,8,Potential Customers
CUST277,137,1,100,4,2,2,8,Potential Customers
CUST278,295,1,100,1,2,2,5,Churn Risk Customers
CUST279,150,1,500,3,2,4,9,Potential Customers
CUST280,273,1,1500,2,2,5,9,Potential Customers
CUST281,224,1,2000,3,2,5,10,Potential Customers
CUST282,130,1,200,4,2,3,9,Potential Customers
CUST283,239,1,500,2,2,4,8,Potential Customers
CUST284,328,1,200,1,2,3,6,Churn Risk Customers
CUST285,140,1,25,4,2,1,7,Churn Risk Customers
CUST286,85,1,50,4,2,1,7,Churn Risk Customers
CUST287,316,1,100,1,2,2,5,Churn Risk Customers
CUST288,341,1,120,1,2,3,6,Churn Risk Customers
CUST289,33,1,60,5,2,2,9,Potential Customers
CUST290,90,1,600,4,2,4,10,Potential Customers
CUST291,359,1,600,1,2,4,7,Churn Risk Customers
CUST292,319,1,1200,1,2,5,8,Potential Customers
CUST293,245,1,90,2,2,2,6,Churn Risk Customers
CUST294,281,1,90,2,2,2,6,Churn Risk Customers
CUST295,158,1,900,3,2,4,9,Potential Customers
CUST296,118,1,1200,4,2,5,11,Potential Customers
CUST297,120,1,1000,4,2,4,10,Potential Customers
CUST298,257,1,1200,2,2,5,9,Potential Customers
CUST299,161,1,1000,3,2,4,9,Potential Customers
CUST300,336,1,200,1,2,3,6,Churn Risk Customers
CUST301,282,1,120,2,2,3,7,Churn Risk Customers
CUST302,172,1,600,3,2,4,9,Potential Customers
CUST303,365,1,90,1,2,2,5,Churn Risk Customers
CUST304,167,1,60,3,2,2,7,Churn Risk Customers
CUST305,231,1,30,2,2,1,5,Churn Risk Customers
CUST306,134,1,50,4,2,1,7,Churn Risk Customers
CUST307,220,1,50,3,2,1,6,Churn Risk Customers
CUST308,150,1,1200,3,2,5,10,Potential Customers
CUST309,10,1,25,5,2,1,8,Potential Customers
CUST310,82,1,25,4,2,1,7,Churn Risk Customers
CUST311,28,1,100,5,2,2,9,Potential Customers
CUST312,117,1,120,4,2,3,9,Potential Customers
CUST313,287,1,1500,2,2,5,9,Potential Customers
CUST314,269,1,120,2,2,3,7,Churn Risk Customers
CUST315,215,1,60,3,2,2,7,Churn Risk Customers
CUST316,255,1,50,2,2,1,5,Churn Risk Customers
CUST317,337,1,90,1,2,2,5,Churn Risk Customers
CUST318,70,1,25,5,2,1,8,Potential Customers
CUST319,89,1,500,4,2,4,10,Potential Customers
CUST320,335,1,1200,1,2,5,8,Potential Customers
CUST321,206,1,50,3,2,1,6,Churn Risk Customers
CUST322,337,1,500,1,2,4,7,Churn Risk Customers
CUST323,341,1,900,1,2,4,7,Churn Risk Customers
CUST324,67,1,150,5,2,3,10,Potential Customers
CUST325,122,1,50,4,2,1,7,Churn Risk Customers
CUST326,109,1,75,4,2,2,8,Potential Customers
CUST327,95,1,150,4,2,3,9,Potential Customers
CUST328,286,1,100,2,2,2,6,Churn Risk Customers
CUST329,337,1,100,1,2,2,5,Churn Risk Customers
CUST330,106,1,200,4,2,3,9,Potential Customers
CUST331,325,1,90,1,2,2,5,Churn Risk Customers
CUST332,271,1,1200,2,2,5,9,Potential Customers
CUST333,331,1,1200,1,2,5,8,Potential Customers
CUST334,62,1,900,5,2,4,11,Potential Customers
CUST335,332,1,120,1,2,3,6,Churn Risk Customers
CUST336,21,1,150,5,2,3,10,Potential Customers
CUST337,246,1,500,2,2,4,8,Potential Customers
CUST338,160,1,100,3,2,2,7,Churn Risk Customers
CUST339,305,1,50,1,2,1,4,Churn Risk Customers
CUST340,75,1,1200,4,2,5,11,Potential Customers
CUST341,240,1,200,2,2,3,7,Churn Risk Customers
CUST342,70,1,2000,5,2,5,12,Core Customers
CUST343,62,1,50,5,2,1,8,Potential Customers
CUST344,346,1,30,1,2,1,4,Churn Risk Customers
CUST345,49,1,30,5,2,1,8,Potential Customers
CUST346,325,1,1000,1,2,4,7,Churn Risk Customers
CUST347,152,1,25,3,2,1,6,Churn Risk Customers
CUST348,30,1,600,5,2,4,11,Potential Customers
CUST349,68,1,50,5,2,1,8,Potential Customers
CUST350,77,1,75,4,2,2,8,Potential Customers
CUST351,99,1,90,4,2,2,8,Potential Customers
CUST352,205,1,1000,3,2,4,9,Potential Customers
CUST353,233,1,500,2,2,4,8,Potential Customers
CUST354,262,1,200,2,2,3,7,Churn Risk Customers
CUST355,24,1,500,5,2,4,11,Potential Customers
CUST356,206,1,1500,3,2,5,10,Potential Customers
CUST357,244,1,75,2,2,2,6,Churn Risk Customers
CUST358,231,1,300,2,2,4,8,Potential Customers
CUST359,164,1,50,3,2,1,6,Churn Risk Customers
CUST360,299,1,100,1,2,2,5,Churn Risk Customers
CUST361,23,1,1200,5,2,5,12,Core Customers
CUST362,36,1,25,5,2,1,8,Potential Customers
CUST363,213,1,25,3,2,1,6,Churn Risk Customers
CUST364,132,1,500,4,2,4,10,Potential Customers
CUST365,205,1,300,3,2,4,9,Potential Customers
CUST366,329,1,100,1,2,2,5,Churn Risk Customers
CUST367,362,1,50,1,2,1,4,Churn Risk Customers
CUST368,132,1,1200,4,2,5,11,Potential Customers
CUST369,48,1,1500,5,2,5,12,Core Customers
CUST370,78,1,60,4,2,2,8,Potential Customers
CUST371,315,1,25,1,2,1,4,Churn Risk Customers
CUST372,329,1,1500,1,2,5,8,Potential Customers
CUST373,91,1,600,4,2,4,10,Potential Customers
CUST374,257,1,75,2,2,2,6,Churn Risk Customers
CUST375,107,1,50,4,2,1,7,Churn Risk Customers
CUST376,231,1,30,2,2,1,5,Churn Risk Customers
CUST377,299,1,200,1,2,3,6,Churn Risk Customers
CUST378,188,1,300,3,2,4,9,Potential Customers
CUST379,331,1,25,1,2,1,4,Churn Risk Customers
CUST380,241,1,600,2,2,4,8,Potential Customers
CUST381,177,1,100,3,2,2,7,Churn Risk Customers
CUST382,221,1,1000,3,2,4,9,Potential Customers
CUST383,286,1,90,2,2,2,6,Churn Risk Customers
CUST384,142,1,500,4,2,4,10,Potential Customers
CUST385,88,1,1500,4,2,5,11,Potential Customers
CUST386,6,1,600,5,2,4,11,Potential Customers
CUST387,212,1,30,3,2,1,6,Churn Risk Customers
CUST388,53,1,25,5,2,1,8,Potential Customers
CUST389,32,1,50,5,2,1,8,Potential Customers
CUST390,96,1,100,4,2,2,8,Potential Customers
CUST391,362,1,50,1,2,1,4,Churn Risk Customers
CUST392,25,1,600,5,2,4,11,Potential Customers
CUST393,83,1,1000,4,2,4,10,Potential Customers
CUST394,213,1,500,3,2,4,9,Potential Customers
CUST395,27,1,1000,5,2,4,11,Potential Customers
CUST396,313,1,30,1,2,1,4,Churn Risk Customers
CUST397,298,1,25,1,2,1,4,Churn Risk Customers
CUST398,231,1,600,2,2,4,8,Potential Customers
CUST399,307,1,60,1,2,2,5,Churn Risk Customers
CUST400,312,1,200,1,3,3,7,Churn Risk Customers
CUST401,83,1,300,4,3,4,11,Potential Customers
CUST402,287,1,600,2,3,4,9,Potential Customers
CUST403,227,1,600,2,3,4,9,Potential Customers
CUST404,222,1,1000,3,3,4,10,Potential Customers
CUST405,57,1,1200,5,3,5,13,Core Customers
CUST406,259,1,100,2,3,2,7,Churn Risk Customers
CUST407,191,1,900,3,3,4,10,Potential Customers
CUST408,262,1,500,2,3,4,9,Potential Customers
CUST409,15,1,900,5,3,4,12,Core Customers
CUST410,42,1,100,5,3,2,10,Potential Customers
CUST411,231,1,200,2,3,3,8,Potential Customers
CUST412,108,1,2000,4,3,5,12,Core Customers
CUST413,116,1,75,4,3,2,9,Potential Customers
CUST414,238,1,100,2,3,2,7,Churn Risk Customers
CUST415,340,1,60,1,3,2,6,Churn Risk Customers
CUST416,319,1,2000,1,3,5,9,Potential Customers
CUST417,42,1,900,5,3,4,12,Core Customers
CUST418,150,1,1000,3,3,4,10,Potential Customers
CUST419,225,1,90,2,3,2,7,Churn Risk Customers
CUST420,344,1,2000,1,3,5,9,Potential Customers
CUST421,365,1,1500,1,3,5,9,Potential Customers
CUST422,196,1,90,3,3,2,8,Potential Customers
CUST423,300,1,25,1,3,1,5,Churn Risk Customers
CUST424,40,1,1200,5,3,5,13,Core Customers
CUST425,232,1,120,2,3,3,8,Potential Customers
CUST426,284,1,150,2,3,3,8,Potential Customers
CUST427,140,1,25,4,3,1,8,Potential Customers
CUST428,84,1,200,4,3,3,10,Potential Customers
CUST429,5,1,50,5,3,1,9,Potential Customers
CUST430,148,1,900,3,3,4,10,Potential Customers
CUST431,79,1,1200,4,3,5,12,Core Customers
CUST432,362,1,1000,1,3,4,8,Potential Customers
CUST433,309,1,200,1,3,3,7,Churn Risk Customers
CUST434,328,1,50,1,3,1,5,Churn Risk Customers
CUST435,13,1,900,5,3,4,12,Core Customers
CUST436,290,1,120,1,3,3,7,Churn Risk Customers
CUST437,87,1,1200,4,3,5,12,Core Customers
CUST438,348,1,30,1,3,1,5,Churn Risk Customers
CUST439,177,1,75,3,3,2,8,Potential Customers
CUST440,68,1,600,5,3,4,12,Core Customers
CUST441,84,1,1200,4,3,5,12,Core Customers
CUST442,291,1,100,1,3,2,6,Churn Risk Customers
CUST443,146,1,600,4,3,4,11,Potential Customers
CUST444,301,1,90,1,3,2,6,Churn Risk Customers
CUST445,345,1,300,1,3,4,8,Potential Customers
CUST446,209,1,50,3,3,1,7,Churn Risk Customers
CUST447,180,1,2000,3,3,5,11,Potential Customers
CUST448,346,1,60,1,3,2,6,Churn Risk Customers
CUST449,183,1,200,3,3,3,9,Potential Customers
CUST450,259,1,50,2,3,1,6,Churn Risk Customers
CUST451,17,1,30,5,3,1,9,Potential Customers
CUST452,239,1,1500,2,3,5,10,Potential Customers
CUST453,25,1,1000,5,3,4,12,Core Customers
CUST454,314,1,25,1,3,1,5,Churn Risk Customers
CUST455,185,1,100,3,3,2,8,Potential Customers
CUST456,80,1,60,4,3,2,9,Potential Customers
CUST457,158,1,900,3,3,4,10,Potential Customers
CUST458,49,1,100,5,3,2,10,Potential Customers
CUST459,287,1,1200,2,3,5,10,Potential Customers
CUST460,245,1,50,2,3,1,6,Churn Risk Customers
CUST461,283,1,1000,2,3,4,9,Potential Customers
CUST462,276,1,1200,2,3,5,10,Potential Customers
CUST463,155,1,1500,3,3,5,11,Potential Customers
CUST464,354,1,600,1,3,4,8,Potential Customers
CUST465,275,1,150,2,3,3,8,Potential Customers
CUST466,196,1,100,3,3,2,8,Potential Customers
CUST467,156,1,150,3,3,3,9,Potential Customers
CUST468,24,1,25,5,3,1,9,Potential Customers
CUST469,239,1,75,2,3,2,7,Churn Risk Customers
CUST470,230,1,1000,2,3,4,9,Potential Customers
CUST471,285,1,150,2,3,3,8,Potential Customers
CUST472,7,1,900,5,3,4,12,Core Customers
CUST473,311,1,50,1,3,1,5,Churn Risk Customers
CUST474,171,1,1500,3,3,5,11,Potential Customers
CUST475,347,1,75,1,3,2,6,Churn Risk Customers
CUST476,126,1,2000,4,3,5,12,Core Customers
CUST477,253,1,120,2,3,3,8,Potential Customers
CUST478,264,1,60,2,3,2,7,Churn Risk Customers
CUST479,131,1,1200,4,3,5,12,Core Customers
CUST480,187,1,2000,3,3,5,11,Potential Customers
CUST481,210,1,1200,3,3,5,11,Potential Customers
CUST482,250,1,1200,2,3,5,10,Potential Customers
CUST483,252,1,30,2,3,1,6,Churn Risk Customers
CUST484,354,1,1200,1,3,5,9,Potential Customers
CUST485,29,1,30,5,3,1,9,Potential Customers
CUST486,268,1,25,2,3,1,6,Churn Risk Customers
CUST487,162,1,2000,3,3,5,11,Potential Customers
CUST488,198,1,900,3,3,4,10,Potential Customers
CUST489,224,1,30,3,3,1,7,Churn Risk Customers
CUST490,331,1,150,1,3,3,7,Churn Risk Customers
CUST491,224,1,900,3,3,4,10,Potential Customers
CUST492,187,1,100,3,3,2,8,Potential Customers
CUST493,38,1,50,5,3,1,9,Potential Customers
CUST494,106,1,200,4,3,3,10,Potential Customers
CUST495,162,1,60,3,3,2,8,Potential Customers
CUST496,19,1,600,5,3,4,12,Core Customers
CUST497,92,1,120,4,3,3,10,Potential Customers
CUST498,197,1,100,3,3,2,8,Potential Customers
CUST499,352,1,60,1,3,2,6,Churn Risk Customers
CUST500,307,1,100,1,3,2,6,Churn Risk Customers
CUST501,233,1,60,2,3,2,7,Churn Risk Customers
CUST502,275,1,150,2,3,3,8,Potential Customers
CUST503,69,1,2000,5,3,5,13,Core Customers
CUST504,231,1,150,2,3,3,8,Potential Customers
CUST505,347,1,50,1,3,1,5,Churn Risk Customers
CUST506,311,1,1500,1,3,5,9,Potential Customers
CUST507,61,1,1500,5,3,5,13,Core Customers
CUST508,144,1,600,4,3,4,11,Potential Customers
CUST509,190,1,900,3,3,4,10,Potential Customers
CUST510,206,1,200,3,3,3,9,Potential Customers
CUST511,143,1,100,4,3,2,9,Potential Customers
CUST512,56,1,25,5,3,1,9,Potential Customers
CUST513,105,1,100,4,3,2,9,Potential Customers
CUST514,307,1,300,1,3,4,8,Potential Customers
CUST515,169,1,900,3,3,4,10,Potential Customers
CUST516,71,1,100,5,3,2,10,Potential Customers
CUST517,269,1,100,2,3,2,7,Churn Risk Customers
CUST518,236,1,30,2,3,1,6,Churn Risk Customers
CUST519,344,1,120,1,3,3,7,Churn Risk Customers
CUST520,4,1,100,5,3,2,10,Potential Customers
CUST521,143,1,120,4,3,3,10,Potential Customers
CUST522,366,1,1500,1,3,5,9,Potential Customers
CUST523,100,1,300,4,3,4,11,Potential Customers
CUST524,91,1,1200,4,3,5,12,Core Customers
CUST525,15,1,50,5,3,1,9,Potential Customers
CUST526,23,1,100,5,3,2,10,Potential Customers
CUST527,266,1,50,2,3,1,6,Churn Risk Customers
CUST528,180,1,60,3,3,2,8,Potential Customers
CUST529,146,1,150,4,3,3,10,Potential Customers
CUST530,331,1,120,1,3,3,7,Churn Risk Customers
CUST531,26,1,500,5,3,4,12,Core Customers
CUST532,197,1,120,3,3,3,9,Potential Customers
CUST533,47,1,1500,5,3,5,13,Core Customers
CUST534,206,1,1000,3,3,4,10,Potential Customers
CUST535,27,1,90,5,3,2,10,Potential Customers
CUST536,303,1,120,1,3,3,7,Churn Risk Customers
CUST537,213,1,500,3,3,4,10,Potential Customers
CUST538,107,1,150,4,3,3,10,Potential Customers
CUST539,208,1,500,3,3,4,10,Potential Customers
CUST540,25,1,900,5,3,4,12,Core Customers
CUST541,157,1,500,3,3,4,10,Potential Customers
CUST542,199,1,50,3,3,1,7,Churn Risk Customers
CUST543,160,1,600,3,3,4,10,Potential Customers
CUST544,10,1,25,5,3,1,9,Potential Customers
CUST545,215,1,50,3,3,1,7,Churn Risk Customers
CUST546,83,1,200,4,3,3,10,Potential Customers
CUST547,301,1,2000,1,3,5,9,Potential Customers
CUST548,268,1,60,2,3,2,7,Churn Risk Customers
CUST549,151,1,100,3,3,2,8,Potential Customers
CUST550,26,1,900,5,3,4,12,Core Customers
CUST551,172,1,900,3,3,4,10,Potential Customers
CUST552,20,1,75,5,3,2,10,Potential Customers
CUST553,277,1,1200,2,3,5,10,Potential Customers
CUST554,51,1,150,5,3,3,11,Potential Customers
CUST555,75,1,300,4,3,4,11,Potential Customers
CUST556,212,1,50,3,3,1,7,Churn Risk Customers
CUST557,159,1,90,3,3,2,8,Potential Customers
CUST558,86,1,25,4,3,1,8,Potential Customers
CUST559,366,1,1200,1,3,5,9,Potential Customers
CUST560,211,1,50,3,3,1,7,Churn Risk Customers
CUST561,220,1,2000,3,3,5,11,Potential Customers
CUST562,259,1,50,2,3,1,6,Churn Risk Customers
CUST563,146,1,60,4,3,2,9,Potential Customers
CUST564,70,1,100,5,3,2,10,Potential Customers
CUST565,56,1,60,5,3,2,10,Potential Customers
CUST566,31,1,30,5,3,1,9,Potential Customers
CUST567,202,1,900,3,3,4,10,Potential Customers
CUST568,128,1,300,4,3,4,11,Potential Customers
CUST569,140,1,200,4,3,3,10,Potential Customers
CUST570,140,1,500,4,3,4,11,Potential Customers
CUST571,21,1,50,5,3,1,9,Potential Customers
CUST572,257,1,2000,2,3,5,10,Potential Customers
CUST573,105,1,60,4,3,2,9,Potential Customers
CUST574,124,1,50,4,3,1,8,Potential Customers
CUST575,280,1,100,2,3,2,7,Churn Risk Customers
CUST576,29,1,150,5,3,3,11,Potential Customers
CUST577,323,1,2000,1,3,5,9,Potential Customers
CUST578,221,1,120,3,3,3,9,Potential Customers
CUST579,103,1,30,4,3,1,8,Potential Customers
CUST580,27,1,1500,5,3,5,13,Core Customers
CUST581,42,1,60,5,3,2,10,Potential Customers
CUST582,49,1,900,5,3,4,12,Core Customers
CUST583,195,1,100,3,3,2,8,Potential Customers
CUST584,319,1,200,1,3,3,7,Churn Risk Customers
CUST585,246,1,25,2,3,1,6,Churn Risk Customers
CUST586,22,1,50,5,3,1,9,Potential Customers
CUST587,208,1,1200,3,3,5,11,Potential Customers
CUST588,251,1,60,2,3,2,7,Churn Risk Customers
CUST589,265,1,1000,2,3,4,9,Potential Customers
CUST590,291,1,900,1,3,4,8,Potential Customers
CUST591,354,1,100,1,3,2,6,Churn Risk Customers
CUST592,343,1,2000,1,3,5,9,Potential Customers
CUST593,241,1,60,2,3,2,7,Churn Risk Customers
CUST594,123,1,600,4,3,4,11,Potential Customers
CUST595,54,1,2000,5,3,5,13,Core Customers
CUST596,329,1,300,1,3,4,8,Potential Customers
CUST597,133,1,1200,4,3,5,12,Core Customers
CUST598,154,1,120,3,3,3,9,Potential Customers
CUST599,44,1,100,5,3,2,10,Potential Customers
CUST600,72,1,1000,5,4,4,13,Core Customers
CUST601,267,1,30,2,4,1,7,Churn Risk Customers
CUST602,10,1,300,5,4,4,13,Core Customers
CUST603,170,1,90,3,4,2,9,Potential Customers
CUST604,113,1,200,4,4,3,11,Potential Customers
CUST605,162,1,1000,3,4,4,11,Potential Customers
CUST606,242,1,50,2,4,1,7,Churn Risk Customers
CUST607,291,1,75,1,4,2,7,Churn Risk Customers
CUST608,31,1,1500,5,4,5,14,Core Customers
CUST609,14,1,100,5,4,2,11,Potential Customers
CUST610,364,1,600,1,4,4,9,Potential Customers
CUST611,312,1,1500,1,4,5,10,Potential Customers
CUST612,149,1,500,3,4,4,11,Potential Customers
CUST613,254,1,90,2,4,2,8,Potential Customers
CUST614,276,1,1200,2,4,5,11,Potential Customers
CUST615,10,1,100,5,4,2,11,Potential Customers
CUST616,101,1,100,4,4,2,10,Potential Customers
CUST617,129,1,30,4,4,1,9,Potential Customers
CUST618,341,1,50,1,4,1,6,Churn Risk Customers
CUST619,81,1,100,4,4,2,10,Potential Customers
CUST620,239,1,75,2,4,2,8,Potential Customers
CUST621,304,1,1000,1,4,4,9,Potential Customers
CUST622,133,1,75,4,4,2,10,Potential Customers
CUST623,298,1,150,1,4,3,8,Potential Customers
CUST624,129,1,900,4,4,4,12,Core Customers
CUST625,25,1,300,5,4,4,13,Core Customers
CUST626,95,1,2000,4,4,5,13,Core Customers
CUST627,80,1,50,4,4,1,9,Potential Customers
CUST628,62,1,200,5,4,3,12,Core Customers
CUST629,204,1,50,3,4,1,8,Potential Customers
CUST630,140,1,100,4,4,2,10,Potential Customers
CUST631,53,1,90,5,4,2,11,Potential Customers
CUST632,108,1,100,4,4,2,10,Potential Customers
CUST633,148,1,120,3,4,3,10,Potential Customers
CUST634,86,1,2000,4,4,5,13,Core Customers
CUST635,138,1,900,4,4,4,12,Core Customers
CUST636,285,1,1500,2,4,5,11,Potential Customers
CUST637,123,1,600,4,4,4,12,Core Customers
CUST638,136,1,500,4,4,4,12,Core Customers
CUST639,234,1,200,2,4,3,9,Potential Customers
CUST640,240,1,120,2,4,3,9,Potential Customers
CUST641,40,1,300,5,4,4,13,Core Customers
CUST642,225,1,100,2,4,2,8,Potential Customers
CUST643,100,1,90,4,4,2,10,Potential Customers
CUST644,118,1,75,4,4,2,10,Potential Customers
CUST645,46,1,120,5,4,3,12,Core Customers
CUST646,244,1,90,2,4,2,8,Potential Customers
CUST647,226,1,1500,2,4,5,11,Potential Customers
CUST648,141,1,1200,4,4,5,13,Core Customers
CUST649,327,1,600,1,4,4,9,Potential Customers
CUST650,1,1,30,5,4,1,10,Potential Customers
CUST651,220,1,150,3,4,3,10,Potential Customers
CUST652,246,1,100,2,4,2,8,Potential Customers
CUST653,227,1,75,2,4,2,8,Potential Customers
CUST654,195,1,75,3,4,2,9,Potential Customers
CUST655,203,1,500,3,4,4,11,Potential Customers
CUST656,90,1,90,4,4,2,10,Potential Customers
CUST657,325,1,25,1,4,1,6,Churn Risk Customers
CUST658,296,1,25,1,4,1,6,Churn Risk Customers
CUST659,289,1,30,2,4,1,7,Churn Risk Customers
CUST660,248,1,1000,2,4,4,10,Potential Customers
CUST661,170,1,100,3,4,2,9,Potential Customers
CUST662,11,1,1000,5,4,4,13,Core Customers
CUST663,288,1,1200,2,4,5,11,Potential Customers
CUST664,5,1,2000,5,4,5,14,Core Customers
CUST665,257,1,50,2,4,1,7,Churn Risk Customers
CUST666,334,1,150,1,4,3,8,Potential Customers
CUST667,154,1,500,3,4,4,11,Potential Customers
CUST668,158,1,150,3,4,3,10,Potential Customers
CUST669,197,1,1200,3,4,5,12,Core Customers
CUST670,89,1,30,4,4,1,9,Potential Customers
CUST671,128,1,150,4,4,3,11,Potential Customers
CUST672,154,1,100,3,4,2,9,Potential Customers
CUST673,335,1,1500,1,4,5,10,Potential Customers
CUST674,261,1,300,2,4,4,10,Potential Customers
CUST675,151,1,60,3,4,2,9,Potential Customers
CUST676,167,1,1500,3,4,5,12,Core Customers
CUST677,67,1,1500,5,4,5,14,Core Customers
CUST678,10,1,900,5,4,4,13,Core Customers
CUST679,356,1,90,1,4,2,7,Churn Risk Customers
CUST680,72,1,900,5,4,4,13,Core Customers
CUST681,172,1,60,3,4,2,9,Potential Customers
CUST682,122,1,1200,4,4,5,13,Core Customers
CUST683,363,1,1000,1,4,4,9,Potential Customers
CUST684,186,1,1000,3,4,4,11,Potential Customers
CUST685,214,1,50,3,4,1,8,Potential Customers
CUST686,167,1,200,3,4,3,10,Potential Customers
CUST687,152,1,300,3,4,4,11,Potential Customers
CUST688,91,1,100,4,4,2,10,Potential Customers
CUST689,87,1,100,4,4,2,10,Potential Customers
CUST690,58,1,900,5,4,4,13,Core Customers
CUST691,254,1,90,2,4,2,8,Potential Customers
CUST692,117,1,100,4,4,2,10,Potential Customers
CUST693,254,1,1500,2,4,5,11,Potential Customers
CUST694,227,1,50,2,4,1,7,Churn Risk Customers
CUST695,143,1,150,4,4,3,11,Potential Customers
CUST696,118,1,200,4,4,3,11,Potential Customers
CUST697,352,1,500,1,4,4,9,Potential Customers
CUST698,167,1,300,3,4,4,11,Potential Customers
CUST699,194,1,120,3,4,3,10,Potential Customers
CUST700,24,1,2000,5,4,5,14,Core Customers
CUST701,19,1,60,5,4,2,11,Potential Customers
CUST702,159,1,600,3,4,4,11,Potential Customers
CUST703,282,1,100,2,4,2,8,Potential Customers
CUST704,127,1,90,4,4,2,10,Potential Customers
CUST705,301,1,50,1,4,1,6,Churn Risk Customers
CUST706,48,1,100,5,4,2,11,Potential Customers
CUST707,93,1,500,4,4,4,12,Core Customers
CUST708,353,1,900,1,4,4,9,Potential Customers
CUST709,165,1,1000,3,4,4,11,Potential Customers
CUST710,63,1,1500,5,4,5,14,Core Customers
CUST711,78,1,1500,4,4,5,13,Core Customers
CUST712,27,1,50,5,4,1,10,Potential Customers
CUST713,353,1,75,1,4,2,7,Churn Risk Customers
CUST714,324,1,500,1,4,4,9,Potential Customers
CUST715,37,1,100,5,4,2,11,Potential Customers
CUST716,147,1,1200,4,4,5,13,Core Customers
CUST717,297,1,500,1,4,4,9,Potential Customers
CUST718,130,1,75,4,4,2,10,Potential Customers
CUST719,273,1,60,2,4,2,8,Potential Customers
CUST720,341,1,1500,1,4,5,10,Potential Customers
CUST721,233,1,500,2,4,4,10,Potential Customers
CUST722,172,1,900,3,4,4,11,Potential Customers
CUST723,199,1,200,3,4,3,10,Potential Customers
CUST724,258,1,150,2,4,3,9,Potential Customers
CUST725,134,1,300,4,4,4,12,Core Customers
CUST726,199,1,1200,3,4,5,12,Core Customers
CUST727,194,1,900,3,4,4,11,Potential Customers
CUST728,172,1,150,3,4,3,10,Potential Customers
CUST729,224,1,1200,3,4,5,12,Core Customers
CUST730,151,1,50,3,4,1,8,Potential Customers
CUST731,237,1,2000,2,4,5,11,Potential Customers
CUST732,325,1,1000,1,4,4,9,Potential Customers
CUST733,126,1,30,4,4,1,9,Potential Customers
CUST734,357,1,30,1,4,1,6,Churn Risk Customers
CUST735,90,1,2000,4,4,5,13,Core Customers
CUST736,340,1,100,1,4,2,7,Churn Risk Customers
CUST737,187,1,50,3,4,1,8,Potential Customers
CUST738,252,1,100,2,4,2,8,Potential Customers
CUST739,34,1,25,5,4,1,10,Potential Customers
CUST740,331,1,200,1,4,3,8,Potential Customers
CUST741,33,1,300,5,4,4,13,Core Customers
CUST742,346,1,2000,1,4,5,10,Potential Customers
CUST743,351,1,2000,1,4,5,10,Potential Customers
CUST744,240,1,25,2,4,1,7,Churn Risk Customers
CUST745,264,1,100,2,4,2,8,Potential Customers
CUST746,356,1,90,1,4,2,7,Churn Risk Customers
CUST747,48,1,30,5,4,1,10,Potential Customers
CUST748,288,1,150,2,4,3,9,Potential Customers
CUST749,244,1,30,2,4,1,7,Churn Risk Customers
CUST750,302,1,75,1,4,2,7,Churn Risk Customers
CUST751,124,1,50,4,4,1,9,Potential Customers
CUST752,24,1,100,5,4,2,11,Potential Customers
CUST753,308,1,30,1,4,1,6,Churn Risk Customers
CUST754,78,1,100,4,4,2,10,Potential Customers
CUST755,255,1,75,2,4,2,8,Potential Customers
CUST756,128,1,1200,4,4,5,13,Core Customers
CUST757,8,1,1200,5,4,5,14,Core Customers
CUST758,235,1,100,2,4,2,8,Potential Customers
CUST759,178,1,100,3,4,2,9,Potential Customers
CUST760,281,1,500,2,4,4,10,Potential Customers
CUST761,56,1,500,5,4,4,13,Core Customers
CUST762,56,1,50,5,4,1,10,Potential Customers
CUST763,308,1,50,1,4,1,6,Churn Risk Customers
CUST764,283,1,25,2,4,1,7,Churn Risk Customers
CUST765,207,1,200,3,4,3,10,Potential Customers
CUST766,311,1,900,1,4,4,9,Potential Customers
CUST767,70,1,75,5,4,2,11,Potential Customers
CUST768,353,1,75,1,4,2,7,Churn Risk Customers
CUST769,207,1,120,3,4,3,10,Potential Customers
CUST770,72,1,50,5,4,1,10,Potential Customers
CUST771,20,1,50,5,4,1,10,Potential Customers
CUST772,174,1,30,3,4,1,8,Potential Customers
CUST773,163,1,2000,3,4,5,12,Core Customers
CUST774,265,1,50,2,4,1,7,Churn Risk Customers
CUST775,328,1,100,1,4,2,7,Churn Risk Customers
CUST776,63,1,90,5,4,2,11,Potential Customers
CUST777,13,1,150,5,4,3,12,Core Customers
CUST778,45,1,100,5,4,2,11,Potential Customers
CUST779,242,1,1000,2,4,4,10,Potential Customers
CUST780,314,1,50,1,4,1,6,Churn Risk Customers
CUST781,10,1,500,5,4,4,13,Core Customers
CUST782,212,1,900,3,4,4,11,Potential Customers
CUST783,16,1,300,5,4,4,13,Core Customers
CUST784,59,1,500,5,4,4,13,Core Customers
CUST785,305,1,200,1,4,3,8,Potential Customers
CUST786,77,1,100,4,4,2,10,Potential Customers
CUST787,345,1,25,1,4,1,6,Churn Risk Customers
CUST788,189,1,900,3,4,4,11,Potential Customers
CUST789,94,1,2000,4,4,5,13,Core Customers
CUST790,147,1,25,4,4,1,9,Potential Customers
CUST791,28,1,25,5,4,1,10,Potential Customers
CUST792,177,1,50,3,4,1,8,Potential Customers
CUST793,331,1,30,1,4,1,6,Churn Risk Customers
CUST794,107,1,300,4,4,4,12,Core Customers
CUST795,35,1,300,5,4,4,13,Core Customers
CUST796,192,1,120,3,4,3,10,Potential Customers
CUST797,360,1,75,1,4,2,7,Churn Risk Customers
CUST798,151,1,50,3,4,1,8,Potential Customers
CUST799,116,1,100,4,4,2,10,Potential Customers
CUST800,312,1,1200,1,5,5,11,Potential Customers
CUST801,145,1,200,4,5,3,12,Core Customers
CUST802,181,1,30,3,5,1,9,Potential Customers
CUST803,41,1,100,5,5,2,12,Core Customers
CUST804,131,1,30,4,5,1,10,Potential Customers
CUST805,4,1,1500,5,5,5,15,Core Customers
CUST806,288,1,900,2,5,4,11,Potential Customers
CUST807,144,1,200,4,5,3,12,Core Customers
CUST808,276,1,2000,2,5,5,12,Core Customers
CUST809,99,1,100,4,5,2,11,Potential Customers
CUST810,33,1,100,5,5,2,12,Core Customers
CUST811,228,1,50,2,5,1,8,Potential Customers
CUST812,51,1,75,5,5,2,12,Core Customers
CUST813,91,1,150,4,5,3,12,Core Customers
CUST814,119,1,500,4,5,4,13,Core Customers
CUST815,128,1,75,4,5,2,11,Potential Customers
CUST816,143,1,1000,4,5,4,13,Core Customers
CUST817,63,1,200,5,5,3,13,Core Customers
CUST818,229,1,500,2,5,4,11,Potential Customers
CUST819,201,1,100,3,5,2,10,Potential Customers
CUST820,241,1,200,2,5,3,10,Potential Customers
CUST821,322,1,300,1,5,4,10,Potential Customers
CUST822,224,1,150,3,5,3,11,Potential Customers
CUST823,136,1,100,4,5,2,11,Potential Customers
CUST824,242,1,120,2,5,3,10,Potential Customers
CUST825,129,1,25,4,5,1,10,Potential Customers
CUST826,75,1,300,4,5,4,13,Core Customers
CUST827,54,1,900,5,5,4,14,Core Customers
CUST828,24,1,1200,5,5,5,15,Core Customers
CUST829,172,1,90,3,5,2,10,Potential Customers
CUST830,194,1,150,3,5,3,11,Potential Customers
CUST831,352,1,100,1,5,2,8,Potential Customers
CUST832,113,1,2000,4,5,5,14,Core Customers
CUST833,200,1,200,3,5,3,11,Potential Customers
CUST834,273,1,60,2,5,2,9,Potential Customers
CUST835,117,1,200,4,5,3,12,Core Customers
CUST836,258,1,50,2,5,1,8,Potential Customers
CUST837,185,1,90,3,5,2,10,Potential Customers
CUST838,234,1,600,2,5,4,11,Potential Customers
CUST839,192,1,1200,3,5,5,13,Core Customers
CUST840,223,1,50,3,5,1,9,Potential Customers
CUST841,61,1,100,5,5,2,12,Core Customers
CUST842,7,1,600,5,5,4,14,Core Customers
CUST843,225,1,1500,2,5,5,12,Core Customers
CUST844,82,1,150,4,5,3,12,Core Customers
CUST845,361,1,500,1,5,4,10,Potential Customers
CUST846,102,1,50,4,5,1,10,Potential Customers
CUST847,269,1,1200,2,5,5,12,Core Customers
CUST848,323,1,75,1,5,2,8,Potential Customers
CUST849,243,1,50,2,5,1,8,Potential Customers
CUST850,158,1,1000,3,5,4,12,Core Customers
CUST851,116,1,50,4,5,1,10,Potential Customers
CUST852,82,1,300,4,5,4,13,Core Customers
CUST853,243,1,1000,2,5,4,11,Potential Customers
CUST854,13,1,50,5,5,1,11,Potential Customers
CUST855,123,1,25,4,5,1,10,Potential Customers
CUST856,36,1,120,5,5,3,13,Core Customers
CUST857,2,1,50,5,5,1,11,Potential Customers
CUST858,115,1,100,4,5,2,11,Potential Customers
CUST859,137,1,1500,4,5,5,14,Core Customers
CUST860,358,1,200,1,5,3,9,Potential Customers
CUST861,319,1,90,1,5,2,8,Potential Customers
CUST862,216,1,1200,3,5,5,13,Core Customers
CUST863,253,1,50,2,5,1,8,Potential Customers
CUST864,159,1,500,3,5,4,12,Core Customers
CUST865,12,1,300,5,5,4,14,Core Customers
CUST866,242,1,50,2,5,1,8,Potential Customers
CUST867,210,1,500,3,5,4,12,Core Customers
CUST868,27,1,300,5,5,4,14,Core Customers
CUST869,69,1,1500,5,5,5,15,Core Customers
CUST870,178,1,120,3,5,3,11,Potential Customers
CUST871,124,1,60,4,5,2,11,Potential Customers
CUST872,83,1,75,4,5,2,11,Potential Customers
CUST873,95,1,100,4,5,2,11,Potential Customers
CUST874,190,1,30,3,5,1,9,Potential Customers
CUST875,149,1,2000,3,5,5,13,Core Customers
CUST876,85,1,120,4,5,3,12,Core Customers
CUST877,197,1,25,3,5,1,9,Potential Customers
CUST878,186,1,30,3,5,1,9,Potential Customers
CUST879,7,1,30,5,5,1,11,Potential Customers
CUST880,134,1,1000,4,5,4,13,Core Customers
CUST881,228,1,300,2,5,4,11,Potential Customers
CUST882,210,1,50,3,5,1,9,Potential Customers
CUST883,238,1,500,2,5,4,11,Potential Customers
CUST884,248,1,60,2,5,2,9,Potential Customers
CUST885,305,1,120,1,5,3,9,Potential Customers
CUST886,268,1,900,2,5,4,11,Potential Customers
CUST887,205,1,100,3,5,2,10,Potential Customers
CUST888,305,1,100,1,5,2,8,Potential Customers
CUST889,92,1,50,4,5,1,10,Potential Customers
CUST890,13,1,50,5,5,1,11,Potential Customers
CUST891,272,1,900,2,5,4,11,Potential Customers
CUST892,268,1,50,2,5,1,8,Potential Customers
CUST893,256,1,50,2,5,1,8,Potential Customers
CUST894,119,1,30,4,5,1,10,Potential Customers
CUST895,225,1,120,2,5,3,10,Potential Customers
CUST896,65,1,50,5,5,1,11,Potential Customers
CUST897,98,1,100,4,5,2,11,Potential Customers
CUST898,61,1,90,5,5,2,12,Core Customers
CUST899,222,1,600,3,5,4,12,Core Customers
CUST900,315,1,60,1,5,2,8,Potential Customers
CUST901,267,1,30,2,5,1,8,Potential Customers
CUST902,215,1,50,3,5,1,9,Potential Customers
CUST903,250,1,200,2,5,3,10,Potential Customers
CUST904,182,1,500,3,5,4,12,Core Customers
CUST905,275,1,300,2,5,4,11,Potential Customers
CUST906,212,1,50,3,5,1,9,Potential Customers
CUST907,359,1,25,1,5,1,7,Churn Risk Customers
CUST908,4,1,1200,5,5,5,15,Core Customers
CUST909,93,1,300,4,5,4,13,Core Customers
CUST910,302,1,150,1,5,3,9,Potential Customers
CUST911,226,1,900,2,5,4,11,Potential Customers
CUST912,343,1,150,1,5,3,9,Potential Customers
CUST913,339,1,90,1,5,2,8,Potential Customers
CUST914,83,1,500,4,5,4,13,Core Customers
CUST915,217,1,90,3,5,2,10,Potential Customers
CUST916,9,1,50,5,5,1,11,Potential Customers
CUST917,302,1,200,1,5,3,9,Potential Customers
CUST918,40,1,90,5,5,2,12,Core Customers
CUST919,115,1,50,4,5,1,10,Potential Customers
CUST920,314,1,75,1,5,2,8,Potential Customers
CUST921,360,1,75,1,5,2,8,Potential Customers
CUST922,73,1,50,4,5,1,10,Potential Customers
CUST923,221,1,900,3,5,4,12,Core Customers
CUST924,126,1,100,4,5,2,11,Potential Customers
CUST925,121,1,300,4,5,4,13,Core Customers
CUST926,141,1,30,4,5,1,10,Potential Customers
CUST927,192,1,2000,3,5,5,13,Core Customers
CUST928,272,1,1200,2,5,5,12,Core Customers
CUST929,340,1,75,1,5,2,8,Potential Customers
CUST930,237,1,200,2,5,3,10,Potential Customers
CUST931,122,1,120,4,5,3,12,Core Customers
CUST932,308,1,100,1,5,2,8,Potential Customers
CUST933,333,1,30,1,5,1,7,Churn Risk Customers
CUST934,161,1,500,3,5,4,12,Core Customers
CUST935,115,1,50,4,5,1,10,Potential Customers
CUST936,329,1,200,1,5,3,9,Potential Customers
CUST937,71,1,500,5,5,4,14,Core Customers
CUST938,44,1,200,5,5,3,13,Core Customers
CUST939,15,1,300,5,5,4,14,Core Customers
CUST940,339,1,30,1,5,1,7,Churn Risk Customers
CUST941,289,1,50,2,5,1,8,Potential Customers
CUST942,290,1,1500,1,5,5,11,Potential Customers
CUST943,78,1,1200,4,5,5,14,Core Customers
CUST944,211,1,50,3,5,1,9,Potential Customers
CUST945,323,1,25,1,5,1,7,Churn Risk Customers
CUST946,239,1,2000,2,5,5,12,Core Customers
CUST947,306,1,300,1,5,4,10,Potential Customers
CUST948,81,1,75,4,5,2,11,Potential Customers
CUST949,153,1,50,3,5,1,9,Potential Customers
CUST950,56,1,900,5,5,4,14,Core Customers
CUST951,61,1,100,5,5,2,12,Core Customers
CUST952,50,1,25,5,5,1,11,Potential Customers
CUST953,251,1,90,2,5,2,9,Potential Customers
CUST954,99,1,900,4,5,4,13,Core Customers
CUST955,172,1,25,3,5,1,9,Potential Customers
CUST956,136,1,1500,4,5,5,14,Core Customers
CUST957,140,1,120,4,5,3,12,Core Customers
CUST958,214,1,50,3,5,1,9,Potential Customers
CUST959,65,1,60,5,5,2,12,Core Customers
CUST960,147,1,60,4,5,2,11,Potential Customers
CUST961,210,1,200,3,5,3,11,Potential Customers
CUST962,75,1,60,4,5,2,11,Potential Customers
CUST963,49,1,50,5,5,1,11,Potential Customers
CUST964,336,1,900,1,5,4,10,Potential Customers
CUST965,54,1,200,5,5,3,13,Core Customers
CUST966,316,1,1000,1,5,4,10,Potential Customers
CUST967,260,1,25,2,5,1,8,Potential Customers
CUST968,46,1,900,5,5,4,14,Core Customers
CUST969,258,1,900,2,5,4,11,Potential Customers
CUST970,231,1,2000,2,5,5,12,Core Customers
CUST971,28,1,200,5,5,3,13,Core Customers
CUST972,325,1,100,1,5,2,8,Potential Customers
CUST973,286,1,50,2,5,1,8,Potential Customers
CUST974,244,1,30,2,5,1,8,Potential Customers
CUST975,278,1,200,2,5,3,10,Potential Customers
CUST976,84,1,600,4,5,4,13,Core Customers
CUST977,328,1,75,1,5,2,8,Potential Customers
CUST978,286,1,150,2,5,3,10,Potential Customers
CUST979,365,1,25,1,5,1,7,Churn Risk Customers
CUST980,157,1,75,3,5,2,10,Potential Customers
CUST981,136,1,60,4,5,2,11,Potential Customers
CUST982,14,1,90,5,5,2,12,Core Customers
CUST983,62,1,300,5,5,4,14,Core Customers
CUST984,126,1,500,4,5,4,13,Core Customers
CUST985,217,1,50,3,5,1,9,Potential Customers
CUST986,350,1,1000,1,5,4,10,Potential Customers
CUST987,248,1,900,2,5,4,11,Potential Customers
CUST988,219,1,75,3,5,2,10,Potential Customers
CUST989,5,1,25,5,5,1,11,Potential Customers
CUST990,222,1,1000,3,5,4,12,Core Customers
CUST991,7,1,100,5,5,2,12,Core Customers
CUST992,134,1,60,4,5,2,11,Potential Customers
CUST993,330,1,150,1,5,3,9,Potential Customers
CUST994,15,1,1000,5,5,4,14,Core Customers
CUST995,247,1,30,2,5,1,8,Potential Customers
CUST996,231,1,50,2,5,1,8,Potential Customers
CUST997,46,1,90,5,5,2,12,Core Customers
CUST998,65,1,100,5,5,2,12,Core Customers
CUST999,28,1,150,5,5,3,13,Core Customers
